store_id,name,address,lat,lon
provigo-0001,Provigo Demo -,"Downtown,""Downtown Montreal, QC""",45.5085,-73.565
provigo-0002,Provigo Demo -,"Plateau,""Plateau-Mont-Royal, Montreal, QC""",45.525,-73.581
provigo-0003,Provigo Demo -,"Verdun,""Verdun, Montreal, QC""",45.457,-73.574
provigo-0004,Provigo Demo -,"Outremont,""Outremont, Montreal, QC""",45.52,-73.61
provigo-0005,Provigo Demo -,"Rosemont,""Rosemont–La Petite-Patrie, Montreal, QC""",45.545,-73.58
provigo-0006,Provigo Demo -,"NDG,""Notre-Dame-de-Grâce, Montreal, QC""",45.476,-73.615
provigo-0007,Provigo Demo -,"Villeray,""Villeray, Montreal, QC""",45.56,-73.62
provigo-0008,Provigo Demo -,"Hochelaga,""Hochelaga-Maisonneuve, Montreal, QC""",45.551,-73.535